FINNGEN_CHR,FINNGEN_BP,FINNGEN_ref,FINNGEN_alt,FINNGEN_rsids,FINNGEN_nearest_genes,FINNGEN_p_value,FINNGEN_mlogp,FINNGEN_beta,FINNGEN_std_error,FINNGEN_alt_allele_freq,FINNGEN_alt_allele_freq_cases,FINNGEN_alt_allele_freq_controls,rsID,phenotype,source_dataset,finngen_endpoint,MAX_freq,Priority,Variant_type,Alleles_REF_ALT,CHRPOS_GRCh38,CHRPOS_GRCh37,Functional_consequence,Clinical_significance,Location_relative_to_PF4
4,73983635,T,C,rs394408,PF4,0.084126,1.07507,-0.0227842,0.0131911,0.892687,0.89101,0.892824,rs394408,Heart failure,FinnGen R12 summary statistics,I9_HEARTFAIL,0.141156,Primary,snv,T>A;T>C;T>G,4:73983635,4:74849352,"2KB_upstream_variant,upstream_transcript_variant",,near_PF4
4,73981575,G,C,rs352007,PF4,0.0894067,1.04863,-0.0224161,0.0131973,0.892768,0.891125,0.892902,rs352007,Heart failure,FinnGen R12 summary statistics,I9_HEARTFAIL,0.1422597,Primary,snv,G>A;G>C;G>T,4:73981575,4:74847292,intron_variant,,inside_PF4
4,73981494,G,A,rs747219092,PF4,0.216173,0.665199,-0.313345,0.253358,0.000434259,0.000241785,0.000449922,rs747219092,Heart failure,FinnGen R12 summary statistics,I9_HEARTFAIL,9e-05,Below threshold,snv,G>A,4:73981494,4:74847211,"coding_sequence_variant,synonymous_variant",,inside_PF4
4,73980469,G,A,rs188770400,PF4,0.223578,0.650571,-0.188439,0.15483,0.000635836,0.000588241,0.000639709,rs188770400,Heart failure,FinnGen R12 summary statistics,I9_HEARTFAIL,0.000162,Secondary,snv,G>A;G>T,4:73980469,4:74846186,"downstream_transcript_variant,500B_downstream_variant",,near_PF4
4,73982348,G,C,rs3756074,PF4,0.280704,0.551752,-0.0236293,0.0219045,0.0360384,0.0351573,0.0361101,rs3756074,Heart failure,FinnGen R12 summary statistics,I9_HEARTFAIL,0.117814,Primary,snv,G>C;G>T,4:73982348,4:74848065,"2KB_upstream_variant,upstream_transcript_variant",,near_PF4
4,73983385,AACAC,A,"rs71791754,rs780219909,rs10579199,rs796457085",PF4,0.357474,0.446756,-0.0106763,0.0116023,0.853159,0.852506,0.853212,rs10579199,Heart failure,FinnGen R12 summary statistics,I9_HEARTFAIL,0.0,Below threshold,delins,ACACACACACACACACACACACACACA>ACACACACACACA;ACACACACACACACACACACACACACA>ACACACACACACACACA;ACACACACACACACACACACACACACA>ACACACACACACACACACA;ACACACACACACACACACACACACACA>ACACACACACACACACACACA;ACACACACACACACACACACACACACA>ACACACACACACACACACACACA;ACACACACACACACACACACACACACA>ACACACACACACACACACACACACA;ACACACACACACACACACACACACACA>ACACACACACACACACACACACACACACA;ACACACACACACACACACACACACACA>ACACACACACACACACACACACACACACACA;ACACACACACACACACACACACACACA>ACACACACACACACACACACACACACACACACA,4:73983386,4:74849103,"2KB_upstream_variant,upstream_transcript_variant",,near_PF4
4,73980944,C,A,rs11574452,PF4,0.38197,0.417971,-0.0193488,0.0221313,0.0352793,0.0345529,0.0353385,rs11574452,Heart failure,FinnGen R12 summary statistics,I9_HEARTFAIL,0.117362,Primary,snv,C>A,4:73980944,4:74846661,3_prime_UTR_variant,,inside_PF4
4,73981394,A,C,rs11574450,PF4,0.392408,0.406262,-0.0189307,0.0221345,0.0352777,0.0345546,0.0353366,rs11574450,Heart failure,FinnGen R12 summary statistics,I9_HEARTFAIL,0.1155416,Primary,snv,A>C,4:73981394,4:74847111,intron_variant,,inside_PF4
4,73981981,C,G,rs553937127,PF4,0.397917,0.400207,0.200361,0.237017,0.000445408,0.000466333,0.000443705,rs553937127,Heart failure,FinnGen R12 summary statistics,I9_HEARTFAIL,0.0010379,Primary,snv,C>G;C>T,4:73981981,4:74847698,5_prime_UTR_variant,,inside_PF4
4,73982484,T,C,rs73824586,PF4,0.43758,0.358943,-0.0609512,0.0785163,0.00285798,0.00264797,0.00287507,rs73824586,Heart failure,FinnGen R12 summary statistics,I9_HEARTFAIL,0.013817,Primary,snv,T>C,4:73982484,4:74848201,"upstream_transcript_variant,2KB_upstream_variant",,near_PF4
4,73982527,T,C,rs73824587,PF4,0.43758,0.358943,-0.0609512,0.0785163,0.00285798,0.00264797,0.00287507,rs73824587,Heart failure,FinnGen R12 summary statistics,I9_HEARTFAIL,0.015435,Primary,snv,T>C,4:73982527,4:74848244,"upstream_transcript_variant,2KB_upstream_variant",,near_PF4
4,73983200,A,T,rs1352381589,PF4,0.477068,0.32142,0.196126,0.275835,0.000220705,0.0002497,0.000218346,rs1352381589,Heart failure,FinnGen R12 summary statistics,I9_HEARTFAIL,0.0,Below threshold,snv,A>T,4:73983200,4:74848917,"2KB_upstream_variant,upstream_transcript_variant",,near_PF4
4,73981624,C,A,rs1358465190,PF4,0.482439,0.316558,0.101027,0.143834,0.000918682,0.000941049,0.000916862,rs1358465190,Heart failure,FinnGen R12 summary statistics,I9_HEARTFAIL,0.0,Below threshold,snv,C>A,4:73981624,4:74847341,intron_variant,,inside_PF4
4,73980330,G,A,rs147843417,PF4,0.560999,0.251038,-0.0836507,0.143888,0.000808884,0.000795239,0.000809994,rs147843417,Heart failure,FinnGen R12 summary statistics,I9_HEARTFAIL,0.00415,Primary,snv,G>A;G>T,4:73980330,4:74846047,"500B_downstream_variant,downstream_transcript_variant",,near_PF4
4,73982432,C,T,rs76333778,PF4,0.562779,0.249662,-0.0833555,0.144034,0.000806725,0.000792948,0.000807846,rs76333778,Heart failure,FinnGen R12 summary statistics,I9_HEARTFAIL,0.004152,Primary,snv,C>T,4:73982432,4:74848149,"upstream_transcript_variant,2KB_upstream_variant",,near_PF4
4,73982616,AG,A,rs541678850,PF4,0.723411,0.140615,0.0173164,0.0489297,0.00692832,0.00720162,0.00690607,rs541678850,Heart failure,FinnGen R12 summary statistics,I9_HEARTFAIL,0.001038,Primary,delins,GG>G,4:73982617,4:74848334,"2KB_upstream_variant,upstream_transcript_variant",,near_PF4
4,73982651,C,T,rs112860339,PF4,0.753206,0.123086,-0.0212784,0.0676764,0.00396451,0.003817,0.00397651,rs112860339,Heart failure,FinnGen R12 summary statistics,I9_HEARTFAIL,0.007006,Primary,snv,C>T,4:73982651,4:74848368,"2KB_upstream_variant,upstream_transcript_variant",,near_PF4
4,73983407,CACACAT,C,rs1331298489,PF4,0.838517,0.0764881,0.0600534,0.294682,0.000511405,0.000512523,0.000511314,rs1331298489,Heart failure,FinnGen R12 summary statistics,I9_HEARTFAIL,0.001939,Primary,delins,ACACATA>A,4:73983408,4:74849125,"upstream_transcript_variant,2KB_upstream_variant",,near_PF4
4,73980754,A,G,rs780071012,PF4,0.909055,0.0414099,0.0120604,0.105579,0.00157119,0.00157918,0.00157054,rs780071012,Heart failure,FinnGen R12 summary statistics,I9_HEARTFAIL,0.0,Below threshold,snv,A>G,4:73980754,4:74846471,"500B_downstream_variant,downstream_transcript_variant",,near_PF4
4,73983720,C,T,rs75985950,PF4,0.924818,0.0339435,0.0022812,0.0241739,0.0299484,0.030217,0.0299265,rs75985950,Heart failure,FinnGen R12 summary statistics,I9_HEARTFAIL,0.025428,Primary,snv,C>G;C>T,4:73983720,4:74849437,"upstream_transcript_variant,2KB_upstream_variant",,near_PF4
