query_source,query_value,association_id,rsID,risk_allele,p_value,risk_frequency,mapped_genes,trait_name,trait_id,accession_id,pubmed_id,first_author,is_selected_trait,MAX_freq,Priority,Variant_type,Alleles_REF_ALT,CHRPOS_GRCh38,Functional_consequence,Clinical_significance,Location_relative_to_PF4
mapped_gene,PF4,164774235,rs74499711,?,0.0,NR,PF4; CXCL1P1,CXCL1/CXCL3 protein level ratio in blood,OBA_2055094,GCST90314342,38412862,Suhre K,False,,,,,,,,
mapped_gene,PF4,104535614,rs11574450,A,0.0,0.95,PF4,growth-regulated alpha protein measurement,EFO_0008146,GCST90247816,34648354,Pietzner M,False,0.1155416,Primary,snv,A>C,4:73981394,intron_variant,,inside_PF4
mapped_gene,PF4,164732792,rs2367442,?,4e-232,0.2187,PF4; CXCL1P1,CXCL1 measurement,EFO_0010777,GCST90428404,39794498,Konieczny MJ,False,,,,,,,,
mapped_gene,PF4,188226556,rs614822,A,1e-101,0.88635332,PF4; CXCL1P1,growth-regulated alpha protein measurement,EFO_0008146,GCST90468930,39789286,Loya H,False,,,,,,,,
mapped_gene,PF4,188226471,rs138657097,A,8.999999999999999e-39,0.00171965,PF4; CXCL1P1,growth-regulated alpha protein measurement,EFO_0008146,GCST90468930,39789286,Loya H,False,,,,,,,,
mapped_gene,PF4,100320352,rs184650103,T,1e-36,0.01,PF4; PPBP,serum albumin amount,OBA_2050068,GCST90132699,27005778,Kettunen J,False,,,,,,,,
mapped_gene,PF4,188226837,rs140407406,T,3e-35,0.01318306,PF4; CXCL1P1,C-X-C motif chemokine 6 level,OBA_2045346,GCST90468933,39789286,Loya H,False,,,,,,,,
mapped_gene,PF4,188346583,rs11574450,C,1e-28,0.04718715,PF4,platelet factor 4 level,OBA_2045364,GCST90470211,39789286,Loya H,False,0.1155416,Primary,snv,A>C,4:73981394,intron_variant,,inside_PF4
mapped_gene,PF4,94162087,rs3756074,C,8e-26,0.02714,PF4; PPBP,blood protein amount,OBA_VT0005416,GCST90087426,35078996,Gudjonsson A,False,0.117814,Primary,snv,G>C;G>T,4:73982348,"2KB_upstream_variant,upstream_transcript_variant",,near_PF4
mapped_gene,PF4,104509584,rs3756074,C,1e-24,0.05,PF4; PPBP,annexin A6 measurement,EFO_0020151,GCST90246525,34648354,Pietzner M,False,0.117814,Primary,snv,G>C;G>T,4:73982348,"2KB_upstream_variant,upstream_transcript_variant",,near_PF4
mapped_gene,PF4,94106139,rs3756074,C,9e-23,0.02714,PF4; PPBP,blood protein amount,OBA_VT0005416,GCST90089352,35078996,Gudjonsson A,False,0.117814,Primary,snv,G>C;G>T,4:73982348,"2KB_upstream_variant,upstream_transcript_variant",,near_PF4
mapped_gene,PF4,94172370,rs11574452,A,1e-22,0.02661,PF4,blood protein amount,OBA_VT0005416,GCST90087604,35078996,Gudjonsson A,False,0.117362,Primary,snv,C>A,4:73980944,3_prime_UTR_variant,,inside_PF4
mapped_gene,PF4,188172778,rs3756074,C,2e-22,0.0501843,PF4; PPBP,biglycan measurement,EFO_0020182,GCST90468441,39789286,Loya H,False,0.117814,Primary,snv,G>C;G>T,4:73982348,"2KB_upstream_variant,upstream_transcript_variant",,near_PF4
mapped_gene,PF4,94183790,rs3756074,C,1e-21,0.02714,PF4; PPBP,blood protein amount,OBA_VT0005416,GCST90087122,35078996,Gudjonsson A,False,0.117814,Primary,snv,G>C;G>T,4:73982348,"2KB_upstream_variant,upstream_transcript_variant",,near_PF4
mapped_gene,PF4,94154647,rs3756074,C,1e-21,0.02714,PF4; PPBP,blood protein amount,OBA_VT0005416,GCST90090475,35078996,Gudjonsson A,False,0.117814,Primary,snv,G>C;G>T,4:73982348,"2KB_upstream_variant,upstream_transcript_variant",,near_PF4
mapped_gene,PF4,188226436,rs115869035,G,1e-20,0.01642054,PF4; CXCL1P1,growth-regulated alpha protein measurement,EFO_0008146,GCST90468930,39789286,Loya H,False,,,,,,,,
mapped_gene,PF4,188226546,rs569108954,A,5.999999999999999e-20,0.0011465,PF4; CXCL1P1,growth-regulated alpha protein measurement,EFO_0008146,GCST90468930,39789286,Loya H,False,,,,,,,,
mapped_gene,PF4,104523366,rs3756074,C,5.999999999999999e-20,0.05,PF4; PPBP,chymotrypsin-C measurement,EFO_0802398,GCST90247186,34648354,Pietzner M,False,0.117814,Primary,snv,G>C;G>T,4:73982348,"2KB_upstream_variant,upstream_transcript_variant",,near_PF4
mapped_gene,PF4,94112024,rs11574452,A,2e-19,0.02661,PF4,blood protein amount,OBA_VT0005416,GCST90088800,35078996,Gudjonsson A,False,0.117362,Primary,snv,C>A,4:73980944,3_prime_UTR_variant,,inside_PF4
mapped_gene,PF4,94179423,rs11574452,A,5e-19,0.02661,PF4,blood protein amount,OBA_VT0005416,GCST90088960,35078996,Gudjonsson A,False,0.117362,Primary,snv,C>A,4:73980944,3_prime_UTR_variant,,inside_PF4
mapped_gene,PF4,104533087,rs3756074,C,6e-19,0.05,PF4; PPBP,Gastrin-releasing peptide measurement,EFO_0022000,GCST90247688,34648354,Pietzner M,False,0.117814,Primary,snv,G>C;G>T,4:73982348,"2KB_upstream_variant,upstream_transcript_variant",,near_PF4
mapped_gene,PF4,188227042,rs79371536,A,6.999999999999999e-19,0.0122367,PF4; CXCL1P1,C-X-C motif chemokine 6 level,OBA_2045346,GCST90468933,39789286,Loya H,False,,,,,,,,
mapped_gene,PF4,94190333,rs3756074,C,4e-18,0.02714,PF4; PPBP,blood protein amount,OBA_VT0005416,GCST90089747,35078996,Gudjonsson A,False,0.117814,Primary,snv,G>C;G>T,4:73982348,"2KB_upstream_variant,upstream_transcript_variant",,near_PF4
mapped_gene,PF4,188226586,rs75971653,C,4e-18,0.0353607,PF4; CXCL1P1,growth-regulated alpha protein measurement,EFO_0008146,GCST90468930,39789286,Loya H,False,,,,,,,,
mapped_gene,PF4,94107692,rs11574452,A,5e-18,0.02661,PF4,blood protein amount,OBA_VT0005416,GCST90090694,35078996,Gudjonsson A,False,0.117362,Primary,snv,C>A,4:73980944,3_prime_UTR_variant,,inside_PF4
mapped_gene,PF4,188226576,rs75050408,C,6.0000000000000004e-18,0.01199627,PF4; CXCL1P1,growth-regulated alpha protein measurement,EFO_0008146,GCST90468930,39789286,Loya H,False,,,,,,,,
mapped_gene,PF4,94177810,rs3756074,C,6.0000000000000004e-18,0.02714,PF4; PPBP,blood protein amount,OBA_VT0005416,GCST90088796,35078996,Gudjonsson A,False,0.117814,Primary,snv,G>C;G>T,4:73982348,"2KB_upstream_variant,upstream_transcript_variant",,near_PF4
mapped_gene,PF4,104558592,rs11574452,A,7e-18,0.04,PF4,protein measurement,EFO_0004747,GCST90248966,34648354,Pietzner M,False,0.117362,Primary,snv,C>A,4:73980944,3_prime_UTR_variant,,inside_PF4
mapped_gene,PF4,100830856,rs351996,A,5.0000000000000005e-17,0.0792434,PF4; CXCL1P1,growth-regulated alpha protein measurement,EFO_0008146,GCST90161572,36168886,Thareja G,False,,,,,,,,
mapped_gene,PF4,104576060,rs3756074,C,1e-16,0.05,PF4; PPBP,protein measurement,EFO_0004747,GCST90249850,34648354,Pietzner M,False,0.117814,Primary,snv,G>C;G>T,4:73982348,"2KB_upstream_variant,upstream_transcript_variant",,near_PF4
mapped_gene,PF4,104539062,rs11574452,A,2e-16,0.04,PF4,interferon alpha-4 measurement,EFO_0802641,GCST90247994,34648354,Pietzner M,False,0.117362,Primary,snv,C>A,4:73980944,3_prime_UTR_variant,,inside_PF4
mapped_gene,PF4,94177975,rs3756074,C,3e-16,0.02714,PF4; PPBP,blood protein amount,OBA_VT0005416,GCST90087318,35078996,Gudjonsson A,False,0.117814,Primary,snv,G>C;G>T,4:73982348,"2KB_upstream_variant,upstream_transcript_variant",,near_PF4
mapped_gene,PF4,94161292,rs11574452,A,4e-16,0.02661,PF4,blood protein amount,OBA_VT0005416,GCST90088109,35078996,Gudjonsson A,False,0.117362,Primary,snv,C>A,4:73980944,3_prime_UTR_variant,,inside_PF4
mapped_gene,PF4,104541193,rs3756074,C,1e-15,0.05,PF4; PPBP,72 kDa inositol polyphosphate 5-phosphatase measurement,EFO_0802244,GCST90248097,34648354,Pietzner M,False,0.117814,Primary,snv,G>C;G>T,4:73982348,"2KB_upstream_variant,upstream_transcript_variant",,near_PF4
mapped_gene,PF4,94186416,rs11574452,A,1e-15,0.02661,PF4,blood protein amount,OBA_VT0005416,GCST90086236,35078996,Gudjonsson A,False,0.117362,Primary,snv,C>A,4:73980944,3_prime_UTR_variant,,inside_PF4
mapped_gene,PF4,94121954,rs3756074,C,2e-15,0.02714,PF4; PPBP,blood protein amount,OBA_VT0005416,GCST90090072,35078996,Gudjonsson A,False,0.117814,Primary,snv,G>C;G>T,4:73982348,"2KB_upstream_variant,upstream_transcript_variant",,near_PF4
mapped_gene,PF4,94179377,rs3756074,C,2e-15,0.02714,PF4; PPBP,blood protein amount,OBA_VT0005416,GCST90088576,35078996,Gudjonsson A,False,0.117814,Primary,snv,G>C;G>T,4:73982348,"2KB_upstream_variant,upstream_transcript_variant",,near_PF4
mapped_gene,PF4,94172246,rs3756074,C,2e-15,0.02714,PF4; PPBP,blood protein amount,OBA_VT0005416,GCST90090476,35078996,Gudjonsson A,False,0.117814,Primary,snv,G>C;G>T,4:73982348,"2KB_upstream_variant,upstream_transcript_variant",,near_PF4
mapped_gene,PF4,94124610,rs3756074,C,2e-15,0.02714,PF4; PPBP,blood protein amount,OBA_VT0005416,GCST90090743,35078996,Gudjonsson A,False,0.117814,Primary,snv,G>C;G>T,4:73982348,"2KB_upstream_variant,upstream_transcript_variant",,near_PF4
mapped_gene,PF4,100830868,rs442155,G,2e-15,0.118609,PF4; PPBP,growth-regulated alpha protein measurement,EFO_0008146,GCST90161572,36168886,Thareja G,False,,,,,,,,
mapped_gene,PF4,94170127,rs11574452,A,3.0000000000000002e-15,0.02661,PF4,blood protein amount,OBA_VT0005416,GCST90088569,35078996,Gudjonsson A,False,0.117362,Primary,snv,C>A,4:73980944,3_prime_UTR_variant,,inside_PF4
mapped_gene,PF4,94179588,rs3756074,C,4e-15,0.02714,PF4; PPBP,blood protein amount,OBA_VT0005416,GCST90088537,35078996,Gudjonsson A,False,0.117814,Primary,snv,G>C;G>T,4:73982348,"2KB_upstream_variant,upstream_transcript_variant",,near_PF4
mapped_gene,PF4,94173136,rs3756074,C,5.000000000000001e-15,0.02714,PF4; PPBP,blood protein amount,OBA_VT0005416,GCST90089821,35078996,Gudjonsson A,False,0.117814,Primary,snv,G>C;G>T,4:73982348,"2KB_upstream_variant,upstream_transcript_variant",,near_PF4
mapped_gene,PF4,94126563,rs3756074,C,5.000000000000001e-15,0.02714,PF4; PPBP,blood protein amount,OBA_VT0005416,GCST90090681,35078996,Gudjonsson A,False,0.117814,Primary,snv,G>C;G>T,4:73982348,"2KB_upstream_variant,upstream_transcript_variant",,near_PF4
mapped_gene,PF4,104527349,rs11574452,A,7e-15,0.04,PF4,protein measurement,EFO_0004747,GCST90247385,34648354,Pietzner M,False,0.117362,Primary,snv,C>A,4:73980944,3_prime_UTR_variant,,inside_PF4
mapped_gene,PF4,94142917,rs11574452,A,7e-15,0.02661,PF4,blood protein amount,OBA_VT0005416,GCST90089828,35078996,Gudjonsson A,False,0.117362,Primary,snv,C>A,4:73980944,3_prime_UTR_variant,,inside_PF4
mapped_gene,PF4,94118354,rs3756074,C,9.000000000000001e-15,0.02714,PF4; PPBP,blood protein amount,OBA_VT0005416,GCST90090900,35078996,Gudjonsson A,False,0.117814,Primary,snv,G>C;G>T,4:73982348,"2KB_upstream_variant,upstream_transcript_variant",,near_PF4
mapped_gene,PF4,104578336,rs11574452,A,1e-14,0.04,PF4,t-cell receptor-associated transmembrane adapter 1 measurement,EFO_0803131,GCST90249963,34648354,Pietzner M,False,0.117362,Primary,snv,C>A,4:73980944,3_prime_UTR_variant,,inside_PF4
mapped_gene,PF4,104512559,rs11574452,A,1e-14,0.04,PF4,beta-defensin 119 measurement,EFO_0801419,GCST90246675,34648354,Pietzner M,False,0.117362,Primary,snv,C>A,4:73980944,3_prime_UTR_variant,,inside_PF4
mapped_gene,PF4,188226481,rs144714538,G,1e-14,0.0025847,PF4; PPBP,growth-regulated alpha protein measurement,EFO_0008146,GCST90468930,39789286,Loya H,False,,,,,,,,
mapped_gene,PF4,104569094,rs3756074,C,2e-14,0.05,PF4; PPBP,histone-lysine N-methyltransferase SETD2 measurement,EFO_0802604,GCST90249507,34648354,Pietzner M,False,0.117814,Primary,snv,G>C;G>T,4:73982348,"2KB_upstream_variant,upstream_transcript_variant",,near_PF4
mapped_gene,PF4,54188684,rs11574452,?,2e-14,NR,PF4,serum metabolite level,OBA_2050092,GCST009240,31636271,Gallois A,False,0.117362,Primary,snv,C>A,4:73980944,3_prime_UTR_variant,,inside_PF4
mapped_gene,PF4,94110860,rs11574452,A,2e-14,0.02661,PF4,blood protein amount,OBA_VT0005416,GCST90088835,35078996,Gudjonsson A,False,0.117362,Primary,snv,C>A,4:73980944,3_prime_UTR_variant,,inside_PF4
mapped_gene,PF4,94193207,rs3756074,C,2e-14,0.02714,PF4; PPBP,blood protein amount,OBA_VT0005416,GCST90090705,35078996,Gudjonsson A,False,0.117814,Primary,snv,G>C;G>T,4:73982348,"2KB_upstream_variant,upstream_transcript_variant",,near_PF4
mapped_gene,PF4,94187159,rs11574452,A,7e-14,0.02661,PF4,blood protein amount,OBA_VT0005416,GCST90090514,35078996,Gudjonsson A,False,0.117362,Primary,snv,C>A,4:73980944,3_prime_UTR_variant,,inside_PF4
mapped_gene,PF4,104545901,rs34989669,?,7e-14,0.05,PF4; CXCL1P1,leucine-rich repeat-containing protein 4B measurement,EFO_0802700,GCST90248320,34648354,Pietzner M,False,,,,,,,,
mapped_gene,PF4,94182173,rs3756074,C,8e-14,0.02714,PF4; PPBP,blood protein amount,OBA_VT0005416,GCST90090472,35078996,Gudjonsson A,False,0.117814,Primary,snv,G>C;G>T,4:73982348,"2KB_upstream_variant,upstream_transcript_variant",,near_PF4
mapped_gene,PF4,94178716,rs3756074,C,1e-13,0.02714,PF4; PPBP,blood protein amount,OBA_VT0005416,GCST90088507,35078996,Gudjonsson A,False,0.117814,Primary,snv,G>C;G>T,4:73982348,"2KB_upstream_variant,upstream_transcript_variant",,near_PF4
mapped_gene,PF4,94106115,rs11574452,A,1e-13,0.02661,PF4,bone morphogenetic protein 10 measurement,EFO_0020185,GCST90088444,35078996,Gudjonsson A,False,0.117362,Primary,snv,C>A,4:73980944,3_prime_UTR_variant,,inside_PF4
mapped_gene,PF4,94162580,rs3756074,C,2e-13,0.02714,PF4; PPBP,blood protein amount,OBA_VT0005416,GCST90087989,35078996,Gudjonsson A,False,0.117814,Primary,snv,G>C;G>T,4:73982348,"2KB_upstream_variant,upstream_transcript_variant",,near_PF4
mapped_gene,PF4,104555102,rs3756074,C,2e-13,0.05,PF4; PPBP,protein measurement,EFO_0004747,GCST90248786,34648354,Pietzner M,False,0.117814,Primary,snv,G>C;G>T,4:73982348,"2KB_upstream_variant,upstream_transcript_variant",,near_PF4
mapped_gene,PF4,94141098,rs11574452,A,2e-13,0.02661,PF4,blood protein amount,OBA_VT0005416,GCST90089651,35078996,Gudjonsson A,False,0.117362,Primary,snv,C>A,4:73980944,3_prime_UTR_variant,,inside_PF4
mapped_gene,PF4,94098350,rs11574452,A,2e-13,0.02661,PF4,blood protein amount,OBA_VT0005416,GCST90090517,35078996,Gudjonsson A,False,0.117362,Primary,snv,C>A,4:73980944,3_prime_UTR_variant,,inside_PF4
mapped_gene,PF4,94182013,rs3756074,C,2e-13,0.02714,PF4; PPBP,blood protein amount,OBA_VT0005416,GCST90090717,35078996,Gudjonsson A,False,0.117814,Primary,snv,G>C;G>T,4:73982348,"2KB_upstream_variant,upstream_transcript_variant",,near_PF4
mapped_gene,PF4,94165345,rs11574452,A,2e-13,0.02661,PF4,blood protein amount,OBA_VT0005416,GCST90086712,35078996,Gudjonsson A,False,0.117362,Primary,snv,C>A,4:73980944,3_prime_UTR_variant,,inside_PF4
mapped_gene,PF4,94191656,rs11574452,A,3.0000000000000003e-13,0.02661,PF4,blood protein amount,OBA_VT0005416,GCST90089712,35078996,Gudjonsson A,False,0.117362,Primary,snv,C>A,4:73980944,3_prime_UTR_variant,,inside_PF4
mapped_gene,PF4,104582963,rs11574452,A,3.0000000000000003e-13,0.04,PF4,WAP four-disulfide core domain protein 13 measurement,EFO_0803262,GCST90250204,34648354,Pietzner M,False,0.117362,Primary,snv,C>A,4:73980944,3_prime_UTR_variant,,inside_PF4
mapped_gene,PF4,94117557,rs11574452,A,3.0000000000000003e-13,0.02661,PF4,blood protein amount,OBA_VT0005416,GCST90090696,35078996,Gudjonsson A,False,0.117362,Primary,snv,C>A,4:73980944,3_prime_UTR_variant,,inside_PF4
mapped_gene,PF4,94165168,rs3756074,C,4e-13,0.02714,PF4; PPBP,interleukin 7 measurement,EFO_0008189,GCST90088598,35078996,Gudjonsson A,False,0.117814,Primary,snv,G>C;G>T,4:73982348,"2KB_upstream_variant,upstream_transcript_variant",,near_PF4
mapped_gene,PF4,94159079,rs11574452,A,4e-13,0.02661,PF4,blood protein amount,OBA_VT0005416,GCST90086657,35078996,Gudjonsson A,False,0.117362,Primary,snv,C>A,4:73980944,3_prime_UTR_variant,,inside_PF4
mapped_gene,PF4,94103445,rs3756074,C,4e-13,0.02714,PF4; PPBP,blood protein amount,OBA_VT0005416,GCST90088442,35078996,Gudjonsson A,False,0.117814,Primary,snv,G>C;G>T,4:73982348,"2KB_upstream_variant,upstream_transcript_variant",,near_PF4
mapped_gene,PF4,94132636,rs3756074,C,4e-13,0.02714,PF4; PPBP,blood protein amount,OBA_VT0005416,GCST90086608,35078996,Gudjonsson A,False,0.117814,Primary,snv,G>C;G>T,4:73982348,"2KB_upstream_variant,upstream_transcript_variant",,near_PF4
mapped_gene,PF4,94116140,rs11574452,A,5e-13,0.02661,PF4,CD5 measurement,EFO_0010773,GCST90087753,35078996,Gudjonsson A,False,0.117362,Primary,snv,C>A,4:73980944,3_prime_UTR_variant,,inside_PF4
mapped_gene,PF4,94192584,rs3756074,C,5e-13,0.02714,PF4; PPBP,blood protein amount,OBA_VT0005416,GCST90088795,35078996,Gudjonsson A,False,0.117814,Primary,snv,G>C;G>T,4:73982348,"2KB_upstream_variant,upstream_transcript_variant",,near_PF4
mapped_gene,PF4,94161845,rs3756074,C,6.000000000000001e-13,0.02714,PF4; PPBP,blood protein amount,OBA_VT0005416,GCST90087366,35078996,Gudjonsson A,False,0.117814,Primary,snv,G>C;G>T,4:73982348,"2KB_upstream_variant,upstream_transcript_variant",,near_PF4
mapped_gene,PF4,94116393,rs11574452,A,7e-13,0.02661,PF4,blood protein amount,OBA_VT0005416,GCST90090280,35078996,Gudjonsson A,False,0.117362,Primary,snv,C>A,4:73980944,3_prime_UTR_variant,,inside_PF4
mapped_gene,PF4,94127707,rs11574452,A,7e-13,0.02661,PF4,blood protein amount,OBA_VT0005416,GCST90090266,35078996,Gudjonsson A,False,0.117362,Primary,snv,C>A,4:73980944,3_prime_UTR_variant,,inside_PF4
mapped_gene,PF4,94136285,rs3756074,C,7e-13,0.02714,PF4; PPBP,blood protein amount,OBA_VT0005416,GCST90090123,35078996,Gudjonsson A,False,0.117814,Primary,snv,G>C;G>T,4:73982348,"2KB_upstream_variant,upstream_transcript_variant",,near_PF4
mapped_gene,PF4,94125469,rs11574452,A,7e-13,0.02661,PF4,blood protein amount,OBA_VT0005416,GCST90090726,35078996,Gudjonsson A,False,0.117362,Primary,snv,C>A,4:73980944,3_prime_UTR_variant,,inside_PF4
mapped_gene,PF4,94139498,rs11574452,A,1e-12,0.02661,PF4,blood protein amount,OBA_VT0005416,GCST90089728,35078996,Gudjonsson A,False,0.117362,Primary,snv,C>A,4:73980944,3_prime_UTR_variant,,inside_PF4
mapped_gene,PF4,94125308,rs11574452,A,1e-12,0.02661,PF4,blood protein amount,OBA_VT0005416,GCST90090823,35078996,Gudjonsson A,False,0.117362,Primary,snv,C>A,4:73980944,3_prime_UTR_variant,,inside_PF4
mapped_gene,PF4,94162099,rs3756074,C,1e-12,0.02714,PF4; PPBP,blood protein amount,OBA_VT0005416,GCST90086600,35078996,Gudjonsson A,False,0.117814,Primary,snv,G>C;G>T,4:73982348,"2KB_upstream_variant,upstream_transcript_variant",,near_PF4
mapped_gene,PF4,94124418,rs3756074,C,2e-12,0.02714,PF4; PPBP,blood protein amount,OBA_VT0005416,GCST90090308,35078996,Gudjonsson A,False,0.117814,Primary,snv,G>C;G>T,4:73982348,"2KB_upstream_variant,upstream_transcript_variant",,near_PF4
mapped_gene,PF4,94173291,rs1435520,C,2e-12,0.02891,PF4; CXCL1P1,blood protein amount,OBA_VT0005416,GCST90090393,35078996,Gudjonsson A,False,,,,,,,,
mapped_gene,PF4,94167481,rs3756074,C,2e-12,0.02714,PF4; PPBP,blood protein amount,OBA_VT0005416,GCST90089678,35078996,Gudjonsson A,False,0.117814,Primary,snv,G>C;G>T,4:73982348,"2KB_upstream_variant,upstream_transcript_variant",,near_PF4
mapped_gene,PF4,94172832,rs3756074,C,2e-12,0.02714,PF4; PPBP,blood protein amount,OBA_VT0005416,GCST90090460,35078996,Gudjonsson A,False,0.117814,Primary,snv,G>C;G>T,4:73982348,"2KB_upstream_variant,upstream_transcript_variant",,near_PF4
mapped_gene,PF4,94166694,rs3756074,C,2e-12,0.02714,PF4; PPBP,blood protein amount,OBA_VT0005416,GCST90087161,35078996,Gudjonsson A,False,0.117814,Primary,snv,G>C;G>T,4:73982348,"2KB_upstream_variant,upstream_transcript_variant",,near_PF4
mapped_gene,PF4,104522279,rs11574450,A,3e-12,0.95,PF4,corticotropin amount,OBA_1000988,GCST90247135,34648354,Pietzner M,False,0.1155416,Primary,snv,A>C,4:73981394,intron_variant,,inside_PF4
mapped_gene,PF4,94127075,rs3756074,C,3e-12,0.02714,PF4; PPBP,blood protein amount,OBA_VT0005416,GCST90087117,35078996,Gudjonsson A,False,0.117814,Primary,snv,G>C;G>T,4:73982348,"2KB_upstream_variant,upstream_transcript_variant",,near_PF4
mapped_gene,PF4,94191710,rs3756074,C,3e-12,0.02714,PF4; PPBP,blood protein amount,OBA_VT0005416,GCST90090752,35078996,Gudjonsson A,False,0.117814,Primary,snv,G>C;G>T,4:73982348,"2KB_upstream_variant,upstream_transcript_variant",,near_PF4
mapped_gene,PF4,94118425,rs3756074,C,3e-12,0.02714,PF4; PPBP,blood protein amount,OBA_VT0005416,GCST90087361,35078996,Gudjonsson A,False,0.117814,Primary,snv,G>C;G>T,4:73982348,"2KB_upstream_variant,upstream_transcript_variant",,near_PF4
mapped_gene,PF4,94169910,rs3756074,C,3e-12,0.02714,PF4; PPBP,blood protein amount,OBA_VT0005416,GCST90088530,35078996,Gudjonsson A,False,0.117814,Primary,snv,G>C;G>T,4:73982348,"2KB_upstream_variant,upstream_transcript_variant",,near_PF4
mapped_gene,PF4,94139163,rs3756074,C,3e-12,0.02714,PF4; PPBP,blood protein amount,OBA_VT0005416,GCST90086745,35078996,Gudjonsson A,False,0.117814,Primary,snv,G>C;G>T,4:73982348,"2KB_upstream_variant,upstream_transcript_variant",,near_PF4
mapped_gene,PF4,94183376,rs11574452,A,3e-12,0.02661,PF4,blood protein amount,OBA_VT0005416,GCST90088440,35078996,Gudjonsson A,False,0.117362,Primary,snv,C>A,4:73980944,3_prime_UTR_variant,,inside_PF4
mapped_gene,PF4,94115603,rs11574452,A,4e-12,0.02661,PF4,blood protein amount,OBA_VT0005416,GCST90088235,35078996,Gudjonsson A,False,0.117362,Primary,snv,C>A,4:73980944,3_prime_UTR_variant,,inside_PF4
mapped_gene,PF4,94192912,rs11574452,A,5e-12,0.02661,PF4,blood protein amount,OBA_VT0005416,GCST90087225,35078996,Gudjonsson A,False,0.117362,Primary,snv,C>A,4:73980944,3_prime_UTR_variant,,inside_PF4
mapped_gene,PF4,94182578,rs3756074,C,6e-12,0.02714,PF4; PPBP,blood protein amount,OBA_VT0005416,GCST90088946,35078996,Gudjonsson A,False,0.117814,Primary,snv,G>C;G>T,4:73982348,"2KB_upstream_variant,upstream_transcript_variant",,near_PF4
mapped_gene,PF4,104564258,rs3756074,C,6e-12,0.05,PF4; PPBP,retinol dehydrogenase 16 measurement,EFO_0802007,GCST90249269,34648354,Pietzner M,False,0.117814,Primary,snv,G>C;G>T,4:73982348,"2KB_upstream_variant,upstream_transcript_variant",,near_PF4
mapped_gene,PF4,94172143,rs3756074,C,6e-12,0.02714,PF4; PPBP,blood protein amount,OBA_VT0005416,GCST90086240,35078996,Gudjonsson A,False,0.117814,Primary,snv,G>C;G>T,4:73982348,"2KB_upstream_variant,upstream_transcript_variant",,near_PF4
mapped_gene,PF4,104579140,rs3756074,C,7e-12,0.05,PF4; PPBP,tetratricopeptide repeat protein 17 measurement,EFO_0803144,GCST90250000,34648354,Pietzner M,False,0.117814,Primary,snv,G>C;G>T,4:73982348,"2KB_upstream_variant,upstream_transcript_variant",,near_PF4
mapped_gene,PF4,94168991,rs11574452,A,7e-12,0.02661,PF4,blood protein amount,OBA_VT0005416,GCST90086882,35078996,Gudjonsson A,False,0.117362,Primary,snv,C>A,4:73980944,3_prime_UTR_variant,,inside_PF4
mapped_gene,PF4,104513437,rs11574452,A,7e-12,0.04,PF4,protein measurement,EFO_0004747,GCST90246719,34648354,Pietzner M,False,0.117362,Primary,snv,C>A,4:73980944,3_prime_UTR_variant,,inside_PF4
mapped_gene,PF4,188159971,rs143804116,A,1e-11,0.01502925,PF4; CXCL1P1,alpha-fetoprotein amount,OBA_1000942,GCST90468250,39789286,Loya H,False,,,,,,,,
mapped_gene,PF4,134236320,rs1156553,T,4.9999999999999995e-11,NR,PF4; CXCL1P1,C-X-C motif chemokine 5 measurement,EFO_0008058,GCST90277770,38565889,Kalnapenkis A,False,,,,,,,,
mapped_gene,PF4,54186335,rs11574452,?,2e-10,NR,PF4,serum metabolite level,OBA_2050092,GCST009242,31636271,Gallois A,False,0.117362,Primary,snv,C>A,4:73980944,3_prime_UTR_variant,,inside_PF4
mapped_gene,PF4,95111463,rs73824586,T,4.9999999999999996e-06,0.977518,PF4; PPBP,carotid artery thickness,OBA_2050108,GCST90092504,35165267,Boua PR,False,0.013817,Primary,snv,T>C,4:73982484,"upstream_transcript_variant,2KB_upstream_variant",,near_PF4
mapped_gene,PF4,95171624,rs144308811,C,7e-06,0.0199,PF4; CXCL1P1,glaucoma,MONDO_0005041,GCST90095474,34834521,Hsiao YJ,False,,,,,,,,
